OBJECTID,sovereignt,type,name,name_long,abbrev,formal_en,region_wb,LITERACY_RT_TOTAL,TOTAL_YEAR,LITERACY_RT_FEMALE,FEMALE_YEAR,LITERACY_RT_MALE,MALE_YEAR,TOTAL_YEAR_LBL
253,Netherlands,Country,Aruba,Aruba,Aruba,Aruba,Latin America & Caribbean,96.822639465332,2010,96.7197799682617,2010,96.9405288696289,2010,(2010)
254,Afghanistan,Sovereign country,Afghanistan,Afghanistan,Afg.,Islamic State of Afghanistan,South Asia,31.741117477417,2011,17.6120624542236,2011,45.4170989990234,2011,(2011)
255,Angola,Sovereign country,Angola,Angola,Ang.,People's Republic of Angola,Sub-Saharan Africa,70.7784118652344,2013,59.6714286804199,2013,82.3232727050781,2013,(2013)
256,United Kingdom,Dependency,Anguilla,Anguilla,Ang., ,Latin America & Caribbean,95,,,,,,
257,Albania,Sovereign country,Albania,Albania,Alb.,Republic of Albania,Europe & Central Asia,97.2469635009766,2012,96.1360702514648,2012,98.3526077270508,2012,(2012)
258,Finland,Country,Aland,Aland Islands,Aland,Åland Islands,Europe & Central Asia,,,,,,,
259,Andorra,Sovereign country,Andorra,Andorra,And.,Principality of Andorra,Europe & Central Asia,100,,,,,,
260,United Arab Emirates,Sovereign country,United Arab Emirates,United Arab Emirates,U.A.E.,United Arab Emirates,Middle East & North Africa,90.03384399,2005,91.4747467,2005,89.48210144,2005,(2005)
261,Argentina,Sovereign country,Argentina,Argentina,Arg.,Argentine Republic,Latin America & Caribbean,97.973762512207,2013,98.0118637084961,2013,97.9329833984375,2013,(2013)
262,Armenia,Sovereign country,Armenia,Armenia,Arm.,Republic of Armenia,Europe & Central Asia,99.7444152832031,2011,99.6903533935547,2011,99.8060836791992,2011,(2011)
263,United States of America,Dependency,American Samoa,American Samoa,Am. Samoa,American Samoa,East Asia & Pacific,97,,,,,,
264,Antarctica,Indeterminate,Antarctica,Antarctica,Ant., ,Antarctica,,,,,,,
265,Australia,Dependency,Ashmore and Cartier Is.,Ashmore and Cartier Islands,A.C.Is.,Territory of Ashmore and Cartier Islands,East Asia & Pacific,,,,,,,
266,France,Dependency,Fr. S. Antarctic Lands,French Southern and Antarctic Lands,Fr. S.A.L.,Territory of the French Southern and Antarctic Lands,Sub-Saharan Africa,,,,,,,
267,Antigua and Barbuda,Sovereign country,Antigua and Barb.,Antigua and Barbuda,Ant.B.,Antigua and Barbuda,Latin America & Caribbean,98.9499969482422,2013,99.4199981689453,2013,98.4000015258789,2013,(2013)
268,Australia,Country,Australia,Australia,Auz.,Commonwealth of Australia,East Asia & Pacific,99,,,,,,
269,Austria,Sovereign country,Austria,Austria,Aust.,Republic of Austria,Europe & Central Asia,98,,,,,,
270,Azerbaijan,Sovereign country,Azerbaijan,Azerbaijan,Aze.,Republic of Azerbaijan,Europe & Central Asia,99.7889862060547,2014,99.7196578979492,2014,99.8620147705078,2014,(2014)
271,Burundi,Sovereign country,Burundi,Burundi,Bur.,Republic of Burundi,Sub-Saharan Africa,86.947868347168,2008,84.5914688110352,2008,88.7761840820313,2008,(2008)
272,Belgium,Sovereign country,Belgium,Belgium,Belg.,Kingdom of Belgium,Europe & Central Asia,99,,,,,,
273,Benin,Sovereign country,Benin,Benin,Benin,Republic of Benin,Sub-Saharan Africa,28.702112197876,2006,18.4429149627686,2006,40.6161689758301,2006,(2006)
274,Burkina Faso,Sovereign country,Burkina Faso,Burkina Faso,B.F.,Burkina Faso,Sub-Saharan Africa,28.7292137145996,2007,21.5795650482178,2007,36.6806678771973,2007,(2007)
275,Bangladesh,Sovereign country,Bangladesh,Bangladesh,Bang.,People's Republic of Bangladesh,South Asia,59.7215385437012,2013,56.2257118225098,2013,63.1647682189941,2013,(2013)
276,Bulgaria,Sovereign country,Bulgaria,Bulgaria,Bulg.,Republic of Bulgaria,Europe & Central Asia,98.3524475097656,2011,97.9838943481445,2011,98.7472305297852,2011,(2011)
277,Bahrain,Sovereign country,Bahrain,Bahrain,Bahr.,Kingdom of Bahrain,Middle East & North Africa,94.5567932128906,2010,91.6125793457031,2010,96.1402359008789,2010,(2010)
278,The Bahamas,Sovereign country,Bahamas,Bahamas,Bhs.,Commonwealth of the Bahamas,Latin America & Caribbean,95.6,,,,,,
279,Bosnia and Herzegovina,Sovereign country,Bosnia and Herz.,Bosnia and Herzegovina,B.H.,Bosnia and Herzegovina,Europe & Central Asia,98.2641296386719,2013,97.1044692993164,2013,99.5018692016602,2013,(2013)
280,France,Dependency,St-Barthélemy,Saint-Barthélemy,St. B.,Saint-Barthélemy,Latin America & Caribbean,,,,,,,
281,Belarus,Sovereign country,Belarus,Belarus,Bela.,Republic of Belarus,Europe & Central Asia,99.617057800293,2009,99.4939956665039,2009,99.7636947631836,2009,(2009)
282,Belize,Sovereign country,Belize,Belize,Belize,Belize,Latin America & Caribbean,76.9,,,,,,
283,United Kingdom,Dependency,Bermuda,Bermuda,Berm.,The Bermudas or Somers Isles,North America,98,,,,,,
284,Bolivia,Sovereign country,Bolivia,Bolivia,Bolivia,Plurinational State of Bolivia,Latin America & Caribbean,94.460563659668,2012,91.8732757568359,2012,97.107048034668,2012,(2012)
285,Brazil,Sovereign country,Brazil,Brazil,Brazil,Federative Republic of Brazil,Latin America & Caribbean,91.4842376708984,2013,91.7649536132813,2013,91.1779632568359,2013,(2013)
286,Barbados,Sovereign country,Barbados,Barbados,Barb.,Barbados,Latin America & Caribbean,99.7,,,,,,
287,Brunei,Sovereign country,Brunei,Brunei Darussalam,Brunei,Negara Brunei Darussalam,East Asia & Pacific,96.0855560302734,2011,94.6524810791016,2011,97.4281616210938,2011,(2011)
288,Bhutan,Sovereign country,Bhutan,Bhutan,Bhutan,Kingdom of Bhutan,South Asia,52.81468964,2005,38.68065643,2005,65.04777527,2005,(2005)
289,Botswana,Sovereign country,Botswana,Botswana,Bwa.,Republic of Botswana,Sub-Saharan Africa,87.3205718994141,2013,87.7359237670898,2013,86.9089965820313,2013,(2013)
290,Central African Republic,Sovereign country,Central African Rep.,Central African Republic,C.A.R.,Central African Republic,Sub-Saharan Africa,36.7526092529297,2010,24.355489730835,2010,50.7127113342285,2010,(2010)
291,Canada,Sovereign country,Canada,Canada,Can.,Canada,North America,99,,,,,,
292,Switzerland,Sovereign country,Switzerland,Switzerland,Switz.,Swiss Confederation,Europe & Central Asia,99,,,,,,
293,Chile,Sovereign country,Chile,Chile,Chile,Republic of Chile,Latin America & Caribbean,96.703010559082,2011,96.5307083129883,2011,96.8987808227539,2011,(2011)
294,China,Country,China,China,China,People's Republic of China,East Asia & Pacific,95.1244735717773,2010,92.7112350463867,2010,97.4794616699219,2010,(2010)
295,Ivory Coast,Sovereign country,Côte d'Ivoire,Côte d'Ivoire,I.C.,Republic of Ivory Coast,Sub-Saharan Africa,40.981632232666,2012,30.4617252349854,2012,51.5926704406738,2012,(2012)
296,Cameroon,Sovereign country,Cameroon,Cameroon,Cam.,Republic of Cameroon,Sub-Saharan Africa,71.2905044555664,2010,64.7994995117188,2010,78.3276901245117,2010,(2010)
297,Democratic Republic of the Congo,Sovereign country,Dem. Rep. Congo,Democratic Republic of the Congo,D.R.C.,Democratic Republic of the Congo,Sub-Saharan Africa,75.0171966552734,2012,62.918643951416,2012,87.9083938598633,2012,(2012)
298,Republic of Congo,Sovereign country,Congo,Republic of Congo,Rep. Congo,Republic of Congo,Sub-Saharan Africa,79.3111724853516,2011,72.8770599365234,2011,86.4343032836914,2011,(2011)
299,New Zealand,Dependency,Cook Is.,Cook Islands,Cook Is., ,East Asia & Pacific,95,,,,,,
300,Colombia,Sovereign country,Colombia,Colombia,Col.,Republic of Colombia,Latin America & Caribbean,93.5805358886719,2011,93.6671371459961,2011,93.4882507324219,2011,(2011)
301,Comoros,Sovereign country,Comoros,Comoros,Com.,Union of the Comoros,Sub-Saharan Africa,76.5534591674805,2013,72.0149230957031,2013,81.0970916748047,2013,(2013)
302,Cape Verde,Sovereign country,Cape Verde,Cape Verde,C.Vd.,Republic of Cape Verde,Sub-Saharan Africa,85.3277893066406,2012,80.4962158203125,2012,90.4745025634766,2012,(2012)
303,Costa Rica,Sovereign country,Costa Rica,Costa Rica,C.R.,Republic of Costa Rica,Latin America & Caribbean,97.4065856933594,2011,97.5004119873047,2011,97.3063354492188,2011,(2011)
304,Cuba,Sovereign country,Cuba,Cuba,Cuba,Republic of Cuba,Latin America & Caribbean,99.7525253295898,2012,99.7998809814453,2012,99.7060546875,2012,(2012)
305,Netherlands,Country,Curaçao,Curaçao,Cur.,Curaçao,Latin America & Caribbean,,,,,,,
306,United Kingdom,Dependency,Cayman Is.,Cayman Islands,Cym. Is.,Cayman Islands,Latin America & Caribbean,98.8678207397461,2007,99.0214767456055,2007,98.7223968505859,2007,(2007)
307,Northern Cyprus,Sovereign country,N. Cyprus,Northern Cyprus,N. Cy.,Turkish Republic of Northern Cyprus,Europe & Central Asia,,,,,,,
308,Cyprus,Sovereign country,Cyprus,Cyprus,Cyp.,Republic of Cyprus,Europe & Central Asia,98.6784286499023,2011,98.1162261962891,2011,99.2861557006836,2011,(2011)
309,Czech Republic,Sovereign country,Czech Rep.,Czech Republic,Cz. Rep.,Czech Republic,Europe & Central Asia,99,2011,99,2011,99,2011,(2011)
310,Germany,Sovereign country,Germany,Germany,Ger.,Federal Republic of Germany,Europe & Central Asia,99,,,,,,
311,Djibouti,Sovereign country,Djibouti,Djibouti,Dji.,Republic of Djibouti,Middle East & North Africa,67.9,,,,,,
312,Dominica,Sovereign country,Dominica,Dominica,D'inca,Commonwealth of Dominica,Latin America & Caribbean,94,,,,,,
313,Denmark,Country,Denmark,Denmark,Den.,Kingdom of Denmark,Europe & Central Asia,99,,,,,,
314,Dominican Republic,Sovereign country,Dominican Rep.,Dominican Republic,Dom. Rep.,Dominican Republic,Latin America & Caribbean,90.8581466674805,2013,91.2505111694336,2013,90.4581298828125,2013,(2013)
315,Algeria,Sovereign country,Algeria,Algeria,Alg.,People's Democratic Republic of Algeria,Middle East & North Africa,72.648681640625,2006,63.9187850952148,2006,81.2840423583984,2006,(2006)
316,Ecuador,Sovereign country,Ecuador,Ecuador,Ecu.,Republic of Ecuador,Latin America & Caribbean,93.2946243286133,2013,92.2180862426758,2013,94.4257278442383,2013,(2013)
317,Egypt,Sovereign country,Egypt,Egypt,Egypt,Arab Republic of Egypt,Middle East & North Africa,75.0607299804688,2013,67.1798629760742,2013,82.6333465576172,2013,(2013)
318,Eritrea,Sovereign country,Eritrea,Eritrea,Erit.,State of Eritrea,Sub-Saharan Africa,71.5980987548828,2013,62.6708602905273,2013,80.8806762695313,2013,(2013)
319,Spain,Sovereign country,Spain,Spain,Sp.,Kingdom of Spain,Europe & Central Asia,98.0791244506836,2013,97.4405364990234,2013,98.7487487792969,2013,(2013)
320,Estonia,Sovereign country,Estonia,Estonia,Est.,Republic of Estonia,Europe & Central Asia,99.8627777099609,2011,99.8741836547852,2011,99.8498611450195,2011,(2011)
321,Ethiopia,Sovereign country,Ethiopia,Ethiopia,Eth.,Federal Democratic Republic of Ethiopia,Sub-Saharan Africa,38.9959831237793,2007,28.9216365814209,2007,49.1346588134766,2007,(2007)
322,Finland,Country,Finland,Finland,Fin.,Republic of Finland,Europe & Central Asia,100,,,,,,
323,Fiji,Sovereign country,Fiji,Fiji,Fiji,Republic of Fiji,East Asia & Pacific,93.7,,,,,,
324,United Kingdom,Dependency,Falkland Is.,Falkland Islands,Flk. Is.,Falkland Islands,Latin America & Caribbean,,,,,,,
325,France,Country,France,France,Fr.,French Republic,Europe & Central Asia,99,,,,,,
326,Denmark,Dependency,Faeroe Is.,Faeroe Islands,Faeroe Is.,Føroyar Is. (Faeroe Is.),Europe & Central Asia,,,,,,,
327,Federated States of Micronesia,Sovereign country,Micronesia,Federated States of Micronesia,F.S.M.,Federated States of Micronesia,East Asia & Pacific,89,,,,,,
328,Gabon,Sovereign country,Gabon,Gabon,Gabon,Gabonese Republic,Sub-Saharan Africa,82.2837982177734,2012,79.8789749145508,2012,84.8732986450195,2012,(2012)
329,United Kingdom,Country,United Kingdom,United Kingdom,U.K.,United Kingdom of Great Britain and Northern Ireland,Europe & Central Asia,99,,,,,,
330,Georgia,Sovereign country,Georgia,Georgia,Geo.,Georgia,Europe & Central Asia,99.746452331543,2013,99.7098922729492,2013,99.7895889282227,2013,(2013)
331,United Kingdom,Country,Channel Islands (Guernsey & Jersey),Channel Islands (Guernsey & Jersey),Guern.,"Bailiwick of Guernsey, Bailiwick of Jersey",Europe & Central Asia,,,,,,,
332,Ghana,Sovereign country,Ghana,Ghana,Ghana,Republic of Ghana,Sub-Saharan Africa,71.4970779418945,2010,65.2946853637695,2010,78.3489151000977,2010,(2010)
333,Guinea,Sovereign country,Guinea,Guinea,Gin.,Republic of Guinea,Sub-Saharan Africa,25.3077449798584,2010,12.1919708251953,2010,36.7897796630859,2010,(2010)
334,Gambia,Sovereign country,Gambia,The Gambia,Gambia,Republic of the Gambia,Sub-Saharan Africa,53.1863899230957,2013,44.6161193847656,2013,62.2297286987305,2013,(2013)
335,Guinea Bissau,Sovereign country,Guinea-Bissau,Guinea-Bissau,GnB.,Republic of Guinea-Bissau,Sub-Saharan Africa,57.801570892334,2013,45.3731994628906,2013,70.4898376464844,2013,(2013)
336,Equatorial Guinea,Sovereign country,Eq. Guinea,Equatorial Guinea,Eq. G.,Republic of Equatorial Guinea,Sub-Saharan Africa,94.773567199707,2013,92.0992889404297,2013,97.2600479125977,2013,(2013)
337,Greece,Sovereign country,Greece,Greece,Greece,Hellenic Republic,Europe & Central Asia,97.4735565185547,2013,96.5481033325195,2013,98.4378204345703,2013,(2013)
338,Grenada,Sovereign country,Grenada,Grenada,Gren.,Grenada,Latin America & Caribbean,96,,,,,,
339,Denmark,Country,Greenland,Greenland,Grlnd.,Greenland,Europe & Central Asia,100,,,,,,
340,Guatemala,Sovereign country,Guatemala,Guatemala,Guat.,Republic of Guatemala,Latin America & Caribbean,77.0386657714844,2013,72.1275863647461,2013,82.7206726074219,2013,(2013)
341,United States of America,Dependency,Guam,Guam,Guam,Territory of Guam,East Asia & Pacific,99,,,,,,
342,Guyana,Sovereign country,Guyana,Guyana,Guy.,Co-operative Republic of Guyana,Latin America & Caribbean,84.994010925293,2009,87.2519760131836,2009,82.4365615844727,2009,(2009)
343,China,Country,Hong Kong,Hong Kong,H.K.,"Hong Kong Special Administrative Region, PRC",East Asia & Pacific,93.5,,,,,,
344,Australia,Dependency,Heard I. and McDonald Is.,Heard I. and McDonald Islands,H.M.Is.,Territory of Heard Island and McDonald Islands,Sub-Saharan Africa,,,,,,,
345,Honduras,Sovereign country,Honduras,Honduras,Hond.,Republic of Honduras,Latin America & Caribbean,87.1975250244141,2014,87.0259857177734,2014,87.3959426879883,2014,(2014)
346,Croatia,Sovereign country,Croatia,Croatia,Cro.,Republic of Croatia,Europe & Central Asia,99.125358581543,2011,98.6659164428711,2011,99.6297073364258,2011,(2011)
347,Haiti,Sovereign country,Haiti,Haiti,Haiti,Republic of Haiti,Latin America & Caribbean,48.6850204467773,2006,44.5994529724121,2006,53.3550491333008,2006,(2006)
348,Hungary,Sovereign country,Hungary,Hungary,Hun.,Republic of Hungary,Europe & Central Asia,99.0482864379883,2013,98.9575576782227,2013,99.1511611938477,2013,(2013)
349,Indonesia,Sovereign country,Indonesia,Indonesia,Indo.,Republic of Indonesia,East Asia & Pacific,92.8119049072266,2011,90.0686950683594,2011,95.5910949707031,2011,(2011)
350,United Kingdom,Country,Isle of Man,Isle of Man,IoMan, ,Europe & Central Asia,,,,,,,
351,India,Sovereign country,India,India,India,Republic of India,South Asia,69.3025588989258,2011,59.2773170471191,2011,78.8772277832031,2011,(2011)
352,Australia,Dependency,Indian Ocean Ter.,Indian Ocean Territories,Ind. Oc. Ter., ,East Asia & Pacific,,,,,,,
353,United Kingdom,Dependency,Br. Indian Ocean Ter.,British Indian Ocean Territory,I.O.T., ,Sub-Saharan Africa,,,,,,,
354,Ireland,Sovereign country,Ireland,Ireland,Ire.,Ireland,Europe & Central Asia,99,,,,,,
355,Iran,Sovereign country,Iran,Iran,Iran,Islamic Republic of Iran,Middle East & North Africa,83.6259918212891,2012,78.4162673950195,2012,88.8798141479492,2012,(2012)
356,Iraq,Sovereign country,Iraq,Iraq,Iraq,Republic of Iraq,Middle East & North Africa,79.2537307739258,2013,72.7149200439453,2013,85.7955017089844,2013,(2013)
357,Iceland,Sovereign country,Iceland,Iceland,Iceland,Republic of Iceland,Europe & Central Asia,99,,,,,,
358,Israel,Sovereign country,Israel,Israel,Isr.,State of Israel,Middle East & North Africa,97.8,2011,96.8,2011,98.7,2011,(2011)
359,Italy,Sovereign country,Italy,Italy,Italy,Italian Republic,Europe & Central Asia,99.0705184936523,2013,98.8665618896484,2013,99.2902908325195,2013,(2013)
360,Jamaica,Sovereign country,Jamaica,Jamaica,Jam.,Jamaica,Latin America & Caribbean,87.9032669067383,2013,92.4675369262695,2013,83.0925903320313,2013,(2013)
362,Jordan,Sovereign country,Jordan,Jordan,Jord.,Hashemite Kingdom of Jordan,Middle East & North Africa,97.8903198242188,2012,97.3720092773438,2012,98.4445648193359,2012,(2012)
363,Japan,Sovereign country,Japan,Japan,Japan,Japan,East Asia & Pacific,99,,,,,,
364,Kashmir,Indeterminate,Siachen Glacier,Siachen Glacier,Siachen, ,South Asia,,,,,,,
365,Kazakhstan,Sovereign country,Kazakhstan,Kazakhstan,Kaz.,Republic of Kazakhstan,Europe & Central Asia,99.7324142456055,2009,99.6842880249023,2009,99.7862548828125,2009,(2009)
366,Kenya,Sovereign country,Kenya,Kenya,Ken.,Republic of Kenya,Sub-Saharan Africa,72.1570281982422,2007,66.8631210327148,2007,78.0791473388672,2007,(2007)
367,Kyrgyzstan,Sovereign country,Kyrgyzstan,Kyrgyzstan,Kgz.,Kyrgyz Republic,Europe & Central Asia,99.2414016723633,2009,98.9812164306641,2009,99.5161437988281,2009,(2009)
368,Cambodia,Sovereign country,Cambodia,Cambodia,Camb.,Kingdom of Cambodia,East Asia & Pacific,73.9000244140625,2009,65.9312515258789,2009,82.7524032592773,2009,(2009)
369,Kiribati,Sovereign country,Kiribati,Kiribati,Kir.,Republic of Kiribati,East Asia & Pacific,,,,,,,
370,Saint Kitts and Nevis,Sovereign country,St. Kitts and Nevis,Saint Kitts and Nevis,St.K.N.,Federation of Saint Kitts and Nevis,Latin America & Caribbean,97.8,,,,,,
371,South Korea,Sovereign country,Korea,Republic of Korea,S.K.,Republic of Korea,East Asia & Pacific,97.9,,,,,,
372,Kosovo,Sovereign country,Kosovo,Kosovo,Kos.,Republic of Kosovo,Europe & Central Asia,91.9,2003,87.5,2003,96.6,2003,(2003)
373,Kuwait,Sovereign country,Kuwait,Kuwait,Kwt.,State of Kuwait,Middle East & North Africa,95.5858154296875,2013,94.301155090332,2013,96.3541870117188,2013,(2013)
374,Laos,Sovereign country,Lao PDR,Lao PDR,Laos,Lao People's Democratic Republic,East Asia & Pacific,72.70226288,2005,63.22698593,2005,82.45174408,2005,(2005)
375,Lebanon,Sovereign country,Lebanon,Lebanon,Leb.,Lebanese Republic,Middle East & North Africa,89.6124420166016,2007,85.9677810668945,2007,93.3789443969727,2007,(2007)
376,Liberia,Sovereign country,Liberia,Liberia,Liberia,Republic of Liberia,Sub-Saharan Africa,42.9410858154297,2007,27.0349063873291,2007,60.7748069763184,2007,(2007)
377,Libya,Sovereign country,Libya,Libya,Libya,Libya,Middle East & North Africa,90.2581329345703,2013,84.3471984863281,2013,96.282600402832,2013,(2013)
378,Saint Lucia,Sovereign country,Saint Lucia,Saint Lucia,S.L.,Saint Lucia,Latin America & Caribbean,90.1,,,,,,
379,Liechtenstein,Sovereign country,Liechtenstein,Liechtenstein,Liech.,Principality of Liechtenstein,Europe & Central Asia,100,,,,,,
380,Sri Lanka,Sovereign country,Sri Lanka,Sri Lanka,Sri L.,Democratic Socialist Republic of Sri Lanka,South Asia,91.1813583374023,2010,89.9586791992188,2010,92.5784683227539,2010,(2010)
381,Lesotho,Sovereign country,Lesotho,Lesotho,Les.,Kingdom of Lesotho,Sub-Saharan Africa,75.8002014160156,2009,84.9639587402344,2009,65.5219573974609,2009,(2009)
382,Lithuania,Sovereign country,Lithuania,Lithuania,Lith.,Republic of Lithuania,Europe & Central Asia,99.8155975341797,2011,99.8332366943359,2011,99.794189453125,2011,(2011)
383,Luxembourg,Sovereign country,Luxembourg,Luxembourg,Lux.,Grand Duchy of Luxembourg,Europe & Central Asia,100,,,,,,
384,Latvia,Sovereign country,Latvia,Latvia,Lat.,Republic of Latvia,Europe & Central Asia,99.8959045410156,2011,99.9079132080078,2011,99.8810958862305,2011,(2011)
385,China,Country,Macao,Macao,Mac.,"Macao Special Administrative Region, PRC",East Asia & Pacific,95.6400375366211,2011,93.7319030761719,2011,97.7512893676758,2011,(2011)
386,France,Dependency,St-Martin,Saint-Martin,St. M.,Saint-Martin (French part),Latin America & Caribbean,,,,,,,
387,Morocco,Sovereign country,Morocco,Morocco,Mor.,Kingdom of Morocco,Middle East & North Africa,67.0841598510742,2011,57.6399917602539,2011,76.0735778808594,2011,(2011)
388,Monaco,Sovereign country,Monaco,Monaco,Mco.,Principality of Monaco,Europe & Central Asia,99,,,,,,
389,Moldova,Sovereign country,Moldova,Moldova,Mda.,Republic of Moldova,Europe & Central Asia,99.1670608520508,2013,98.768798828125,2013,99.6222610473633,2013,(2013)
390,Madagascar,Sovereign country,Madagascar,Madagascar,Mad.,Republic of Madagascar,Sub-Saharan Africa,64.4809036254883,2009,61.6414070129395,2009,67.4173049926758,2009,(2009)
391,Maldives,Sovereign country,Maldives,Maldives,Mald.,Republic of Maldives,South Asia,98.3978958129883,2006,98.4298477172852,2006,98.3656845092773,2006,(2006)
392,Mexico,Sovereign country,Mexico,Mexico,Mex.,United Mexican States,Latin America & Caribbean,93.9628448486328,2013,92.903938293457,2013,95.1121063232422,2013,(2013)
393,Marshall Islands,Sovereign country,Marshall Is.,Marshall Islands,M. Is.,Republic of the Marshall Islands,East Asia & Pacific,93.7,,,,,,
394,Macedonia,Sovereign country,Macedonia,Macedonia,Mkd.,Former Yugoslav Republic of Macedonia,Europe & Central Asia,97.6346664428711,2013,96.5080108642578,2013,98.7707366943359,2013,(2013)
395,Mali,Sovereign country,Mali,Mali,Mali,Republic of Mali,Sub-Saharan Africa,33.5609397888184,2011,24.6367931365967,2011,43.2739219665527,2011,(2011)
396,Malta,Sovereign country,Malta,Malta,Malta,Republic of Malta,Middle East & North Africa,93.3073577880859,2011,94.7900466918945,2011,91.7926483154297,2011,(2011)
397,Myanmar,Sovereign country,Myanmar,Myanmar,Myan.,Republic of the Union of Myanmar,East Asia & Pacific,92.7852401733398,2013,90.7009582519531,2013,95.0470504760742,2013,(2013)
398,Montenegro,Sovereign country,Montenegro,Montenegro,Mont.,Montenegro,Europe & Central Asia,98.4422073364258,2011,97.5005035400391,2011,99.4312057495117,2011,(2011)
399,Mongolia,Sovereign country,Mongolia,Mongolia,Mong.,Mongolia,East Asia & Pacific,98.2570037841797,2010,98.3366317749023,2010,98.1746978759766,2010,(2010)
400,United States of America,Dependency,N. Mariana Is.,Northern Mariana Islands,N.M.I.,Commonwealth of the Northern Mariana Islands,East Asia & Pacific,97,,,,,,
401,Mozambique,Sovereign country,Mozambique,Mozambique,Moz.,Republic of Mozambique,Sub-Saharan Africa,50.583812713623,2009,36.4522819519043,2009,67.3547058105469,2009,(2009)
402,Mauritania,Sovereign country,Mauritania,Mauritania,Mrt.,Islamic Republic of Mauritania,Sub-Saharan Africa,45.5037841796875,2007,35.3484344482422,2007,57.4043769836426,2007,(2007)
403,United Kingdom,Dependency,Montserrat,Montserrat,Monts., ,Latin America & Caribbean,97,,,,,,
404,Mauritius,Sovereign country,Mauritius,Mauritius,Mus.,Republic of Mauritius,Sub-Saharan Africa,89.2498321533203,2011,86.658073425293,2011,91.9517211914063,2011,(2011)
405,Malawi,Sovereign country,Malawi,Malawi,Mal.,Republic of Malawi,Sub-Saharan Africa,61.3097229003906,2010,51.2519645690918,2010,72.09765625,2010,(2010)
406,Malaysia,Sovereign country,Malaysia,Malaysia,Malay.,Malaysia,East Asia & Pacific,93.1178817749023,2010,90.7476806640625,2010,95.4337463378906,2010,(2010)
407,Namibia,Sovereign country,Namibia,Namibia,Nam.,Republic of Namibia,Sub-Saharan Africa,76.4865951538086,2007,78.3509750366211,2007,74.3283538818359,2007,(2007)
408,France,Dependency,New Caledonia,New Caledonia,New C.,New Caledonia,East Asia & Pacific,96.6716918945313,2013,96.2415313720703,2013,97.0960464477539,2013,(2013)
409,Niger,Sovereign country,Niger,Niger,Niger,Republic of Niger,Sub-Saharan Africa,15.4566974639893,2012,8.93973541259766,2012,23.2474727630615,2012,(2012)
410,Australia,Dependency,Norfolk Island,Norfolk Island,Nfk. I.,Territory of Norfolk Island,East Asia & Pacific,,,,,,,
411,Nigeria,Sovereign country,Nigeria,Nigeria,Nigeria,Federal Republic of Nigeria,Sub-Saharan Africa,51.0776596069336,2008,41.3867568969727,2008,61.2540550231934,2008,(2008)
412,Nicaragua,Sovereign country,Nicaragua,Nicaragua,Nic.,Republic of Nicaragua,Latin America & Caribbean,78.00298309,2005,77.91603851,2005,78.09642792,2005,(2005)
413,New Zealand,Dependency,Niue,Niue,Niue, ,East Asia & Pacific,95,,,,,,
414,Netherlands,Country,Netherlands,Netherlands,Neth.,Kingdom of the Netherlands,Europe & Central Asia,99,,,,,,
415,Norway,Sovereign country,Norway,Norway,Nor.,Kingdom of Norway,Europe & Central Asia,100,,,,,,
416,Nepal,Sovereign country,Nepal,Nepal,Nepal,Nepal,South Asia,59.6272506713867,2011,48.837589263916,2011,71.708381652832,2011,(2011)
417,Nauru,Sovereign country,Nauru,Nauru,Nauru,Republic of Nauru,East Asia & Pacific,,,,,,,
418,New Zealand,Country,New Zealand,New Zealand,N.Z.,New Zealand,East Asia & Pacific,99,,,,,,
419,Oman,Sovereign country,Oman,Oman,Oman,Sultanate of Oman,Middle East & North Africa,91.981201171875,2014,88.9267044067383,2014,94.9907379150391,2014,(2014)
420,Pakistan,Sovereign country,Pakistan,Pakistan,Pak.,Islamic Republic of Pakistan,South Asia,56.7643432617188,2012,43.0718879699707,2012,69.8582153320313,2012,(2012)
421,Panama,Sovereign country,Panama,Panama,Pan.,Republic of Panama,Latin America & Caribbean,94.094123840332,2010,93.4852600097656,2010,94.707405090332,2010,(2010)
422,United Kingdom,Dependency,Pitcairn Is.,Pitcairn Islands,Pit. Is.,"Pitcairn, Henderson, Ducie and Oeno Islands",East Asia & Pacific,,,,,,,
423,Peru,Sovereign country,Peru,Peru,Peru,Republic of Peru,Latin America & Caribbean,93.8417282104492,2012,90.668830871582,2012,96.9501266479492,2012,(2012)
424,Philippines,Sovereign country,Philippines,Philippines,Phil.,Republic of the Philippines,East Asia & Pacific,95.4200973510742,2008,95.8256301879883,2008,95.0121307373047,2008,(2008)
425,Palau,Sovereign country,Palau,Palau,Palau,Republic of Palau,East Asia & Pacific,99.5239639282227,2013,99.5526962280273,2013,99.4981842041016,2013,(2013)
426,Papua New Guinea,Sovereign country,Papua New Guinea,Papua New Guinea,P.N.G.,Independent State of Papua New Guinea,East Asia & Pacific,63.3377494812012,2013,61.1046714782715,2013,65.5260620117188,2013,(2013)
427,Poland,Sovereign country,Poland,Poland,Pol.,Republic of Poland,Europe & Central Asia,99.7624893188477,2013,99.6342010498047,2013,99.9029769897461,2013,(2013)
428,United States of America,Dependency,Puerto Rico,Puerto Rico,P.R.,Commonwealth of Puerto Rico,Latin America & Caribbean,91.9652328491211,2010,92.5301513671875,2010,91.3307800292969,2010,(2010)
429,North Korea,Sovereign country,Dem. Rep. Korea,Dem. Rep. Korea,N.K.,Democratic People's Republic of Korea,East Asia & Pacific,99.9982604980469,2008,99.9976119995117,2008,99.9989624023438,2008,(2008)
430,Portugal,Sovereign country,Portugal,Portugal,Port.,Portuguese Republic,Europe & Central Asia,94.47705078125,2011,92.8607711791992,2011,96.2855834960938,2011,(2011)
431,Paraguay,Sovereign country,Paraguay,Paraguay,Para.,Republic of Paraguay,Latin America & Caribbean,94.6167221069336,2014,93.7345428466797,2014,95.5460662841797,2014,(2014)
432,Israel,Disputed,Palestine,Palestine,Pal.,West Bank and Gaza,Middle East & North Africa,96.4284210205078,2014,94.4072952270508,2014,98.4023742675781,2014,(2014)
433,France,Dependency,Fr. Polynesia,French Polynesia,Fr. Poly.,French Polynesia,East Asia & Pacific,98,,,,,,
434,Qatar,Sovereign country,Qatar,Qatar,Qatar,State of Qatar,Middle East & North Africa,97.7466888427734,2014,97.5582656860352,2014,97.793701171875,2014,(2014)
435,Romania,Sovereign country,Romania,Romania,Rom.,Romania,Europe & Central Asia,98.6042861938477,2011,98.205207824707,2011,99.0342864990234,2011,(2011)
436,Russia,Sovereign country,Russia,Russian Federation,Rus.,Russian Federation,Europe & Central Asia,99.6842651367188,2010,99.6477737426758,2010,99.7283096313477,2010,(2010)
437,Rwanda,Sovereign country,Rwanda,Rwanda,Rwa.,Republic of Rwanda,Sub-Saharan Africa,68.3310317993164,2012,64.6644821166992,2012,72.445182800293,2012,(2012)
438,Western Sahara,Indeterminate,W. Sahara,Western Sahara,W. Sah.,Sahrawi Arab Democratic Republic,Middle East & North Africa,,,,,,,
439,Saudi Arabia,Sovereign country,Saudi Arabia,Saudi Arabia,Saud.,Kingdom of Saudi Arabia,Middle East & North Africa,94.4263458251953,2013,91.369255065918,2013,96.5314331054688,2013,(2013)
440,Sudan,Sovereign country,Sudan,Sudan,Sudan,Republic of the Sudan,Sub-Saharan Africa,74.2725601196289,2013,66.4017105102539,2013,82.2134017944336,2013,(2013)
441,South Sudan,Sovereign country,S. Sudan,South Sudan,S. Sud.,Republic of South Sudan,Sub-Saharan Africa,26.83127784729,2008,19.1863746643066,2008,34.8369331359863,2008,(2008)
442,Senegal,Sovereign country,Senegal,Senegal,Sen.,Republic of Senegal,Sub-Saharan Africa,42.8175010681152,2013,33.5965957641602,2013,52.8044700622559,2013,(2013)
443,Singapore,Sovereign country,Singapore,Singapore,Sing.,Republic of Singapore,East Asia & Pacific,96.5401458740234,2013,94.6379699707031,2013,98.5305328369141,2013,(2013)
444,United Kingdom,Dependency,S. Geo. and S. Sandw. Is.,South Georgia and South Sandwich Islands,S.G. S.S. Is.,South Georgia and South Sandwich Islands,Antarctica,,,,,,,
445,United Kingdom,Dependency,Saint Helena,Saint Helena,St.H., ,Sub-Saharan Africa,97,,,,,,
446,Solomon Islands,Sovereign country,Solomon Is.,Solomon Islands,S. Is., ,East Asia & Pacific,84.1,2009,79.2,2009,88.9,2009,(2009)
447,Sierra Leone,Sovereign country,Sierra Leone,Sierra Leone,S.L.,Republic of Sierra Leone,Sub-Saharan Africa,45.6500701904297,2013,34.9533805847168,2013,56.5875587463379,2013,(2013)
448,El Salvador,Sovereign country,El Salvador,El Salvador,El. S.,Republic of El Salvador,Latin America & Caribbean,86.767578125,2013,84.6703567504883,2013,89.2350158691406,2013,(2013)
449,San Marino,Sovereign country,San Marino,San Marino,S.M.,Republic of San Marino,Europe & Central Asia,96,,,,,,
450,Somalia,Sovereign country,Somalia,Somalia,Som.,Federal Republic of Somalia,Sub-Saharan Africa,37.8,,,,,,
451,France,Dependency,St. Pierre and Miquelon,Saint Pierre and Miquelon,St. P.M.,Saint Pierre and Miquelon,North America,99,,,,,,
452,Republic of Serbia,Sovereign country,Serbia,Serbia,Serb.,Republic of Serbia,Europe & Central Asia,97.9624099731445,2011,96.7491149902344,2011,99.2646408081055,2011,(2011)
453,Sao Tome and Principe,Sovereign country,São Tomé and Principe,São Tomé and Principe,S.T.P.,Democratic Republic of São Tomé and Principe,Sub-Saharan Africa,69.5363845825195,2008,60.0830268859863,2008,80.3302383422852,2008,(2008)
454,Suriname,Sovereign country,Suriname,Suriname,Sur.,Republic of Suriname,Latin America & Caribbean,94.6757507324219,2010,94.0035400390625,2010,95.3647842407227,2010,(2010)
455,Slovakia,Sovereign country,Slovakia,Slovakia,Svk.,Slovak Republic,Europe & Central Asia,99.6,,,,,,
456,Slovenia,Sovereign country,Slovenia,Slovenia,Slo.,Republic of Slovenia,Europe & Central Asia,99.7059631347656,2013,99.6861267089844,2013,99.7262725830078,2013,(2013)
457,Sweden,Sovereign country,Sweden,Sweden,Swe.,Kingdom of Sweden,Europe & Central Asia,99,,,,,,
458,Swaziland,Sovereign country,Swaziland,Swaziland,Swz.,Kingdom of Swaziland,Sub-Saharan Africa,83.0982894897461,2010,82.4475479125977,2010,83.900146484375,2010,(2010)
459,Netherlands,Country,Sint Maarten,Sint Maarten,St. M.,Sint Maarten (Dutch part),Latin America & Caribbean,,,,,,,
460,Seychelles,Sovereign country,Seychelles,Seychelles,Syc.,Republic of Seychelles,Sub-Saharan Africa,93.954231262207,2010,94.4489822387695,2010,93.4639129638672,2010,(2010)
461,Syria,Sovereign country,Syria,Syria,Syria,Syrian Arab Republic,Middle East & North Africa,85.5337066650391,2013,79.7873916625977,2013,91.0970916748047,2013,(2013)
462,United Kingdom,Dependency,Turks and Caicos Is.,Turks and Caicos Islands,T.C. Is.,Turks and Caicos Islands,Latin America & Caribbean,98,,,,,,
463,Chad,Sovereign country,Chad,Chad,Chad,Republic of Chad,Sub-Saharan Africa,38.2319412231445,2013,29.1320991516113,2013,47.4247512817383,2013,(2013)
464,Togo,Sovereign country,Togo,Togo,Togo,Togolese Republic,Sub-Saharan Africa,60.4099464416504,2011,47.9773864746094,2011,74.0568161010742,2011,(2011)
465,Thailand,Sovereign country,Thailand,Thailand,Thai.,Kingdom of Thailand,East Asia & Pacific,96.4309158325195,2010,96.4270553588867,2010,96.4350204467773,2010,(2010)
466,Tajikistan,Sovereign country,Tajikistan,Tajikistan,Tjk.,Republic of Tajikistan,Europe & Central Asia,99.7501831054688,2013,99.6849899291992,2013,99.8162612915039,2013,(2013)
467,Turkmenistan,Sovereign country,Turkmenistan,Turkmenistan,Turkm.,Turkmenistan,Europe & Central Asia,99.6520614624023,2013,99.5638885498047,2013,99.7454299926758,2013,(2013)
468,East Timor,Sovereign country,Timor-Leste,Timor-Leste,T.L.,Democratic Republic of Timor-Leste,East Asia & Pacific,58.3089828491211,2010,52.9589996337891,2010,63.5917930603027,2010,(2010)
469,Tonga,Sovereign country,Tonga,Tonga,Tongo,Kingdom of Tonga,East Asia & Pacific,99.3855361938477,2011,99.4342193603516,2011,99.3350982666016,2011,(2011)
470,Trinidad and Tobago,Sovereign country,Trinidad and Tobago,Trinidad and Tobago,Tr.T.,Republic of Trinidad and Tobago,Latin America & Caribbean,98.8644866943359,2013,98.5406875610352,2013,99.2001037597656,2013,(2013)
471,Tunisia,Sovereign country,Tunisia,Tunisia,Tun.,Republic of Tunisia,Middle East & North Africa,79.6539077758789,2011,71.7341613769531,2011,87.7550430297852,2011,(2011)
472,Turkey,Sovereign country,Turkey,Turkey,Tur.,Republic of Turkey,Europe & Central Asia,95.2566528320313,2013,92.1380767822266,2013,98.4013748168945,2013,(2013)
473,Taiwan,Sovereign country,Taiwan,Taiwan,Taiwan, ,East Asia & Pacific,98.5,2014,97.3,2014,99.7,2014,(2014)
474,United Republic of Tanzania,Sovereign country,Tanzania,Tanzania,Tanz.,United Republic of Tanzania,Sub-Saharan Africa,78.9826126098633,2012,74.3888778686523,2012,84.0699157714844,2012,(2012)
475,Uganda,Sovereign country,Uganda,Uganda,Uga.,Republic of Uganda,Sub-Saharan Africa,70.1982192993164,2012,61.9704322814941,2012,79.1230392456055,2012,(2012)
476,Ukraine,Sovereign country,Ukraine,Ukraine,Ukr.,Ukraine,Europe & Central Asia,99.7424011230469,2013,99.7019500732422,2013,99.7914581298828,2013,(2013)
477,Uruguay,Sovereign country,Uruguay,Uruguay,Ury.,Oriental Republic of Uruguay,Latin America & Caribbean,98.3638687133789,2013,98.6364288330078,2013,98.0634231567383,2013,(2013)
478,United States of America,Country,United States,United States,U.S.A.,United States of America,North America,99,,,,,,
479,Uzbekistan,Sovereign country,Uzbekistan,Uzbekistan,Uzb.,Republic of Uzbekistan,Europe & Central Asia,99.5187835693359,2013,99.3590316772461,2013,99.6831665039063,2013,(2013)
480,Vatican,Sovereign country,Vatican,Vatican,Vat.,State of the Vatican City,Europe & Central Asia,100,,,,,,
481,Saint Vincent and the Grenadines,Sovereign country,St. Vin. and Gren.,Saint Vincent and the Grenadines,St.V.G.,Saint Vincent and the Grenadines,Latin America & Caribbean,96,,,,,,
482,Venezuela,Sovereign country,Venezuela,Venezuela,Ven.,Bolivarian Republic of Venezuela,Latin America & Caribbean,94.7702255249023,2011,95.0288848876953,2011,94.5023193359375,2011,(2011)
483,United Kingdom,Dependency,British Virgin Is.,British Virgin Islands,V.I. (Br.),British Virgin Islands,Latin America & Caribbean,97.8,,,,,,
484,United States of America,Dependency,U.S. Virgin Is.,United States Virgin Islands,V.I. (U.S.),Virgin Islands of the United States,Latin America & Caribbean,,,,,,,
485,Vietnam,Sovereign country,Vietnam,Vietnam,Viet.,Socialist Republic of Vietnam,East Asia & Pacific,93.5204544067383,2009,91.3790969848633,2009,95.7853240966797,2009,(2009)
486,Vanuatu,Sovereign country,Vanuatu,Vanuatu,Van.,Republic of Vanuatu,East Asia & Pacific,84.0094680786133,2013,82.5337982177734,2013,85.4850234985352,2013,(2013)
487,France,Dependency,Wallis and Futuna Is.,Wallis and Futuna Islands,Wlf.,Wallis and Futuna Islands,East Asia & Pacific,50,,,,,,
488,Samoa,Sovereign country,Samoa,Samoa,Samoa,Independent State of Samoa,East Asia & Pacific,98.973258972168,2011,99.0695343017578,2011,98.8819198608398,2011,(2011)
489,Yemen,Sovereign country,Yemen,Yemen,Yem.,Republic of Yemen,Middle East & North Africa,67.648681640625,2013,51.8216209411621,2013,83.4704818725586,2013,(2013)
490,South Africa,Sovereign country,South Africa,South Africa,S.Af.,Republic of South Africa,Sub-Saharan Africa,93.7294692993164,2012,92.5862503051758,2012,94.9637222290039,2012,(2012)
491,Zambia,Sovereign country,Zambia,Zambia,Zambia,Republic of Zambia,Sub-Saharan Africa,61.4282875061035,2007,51.7869682312012,2007,71.9474334716797,2007,(2007)
492,Zimbabwe,Sovereign country,Zimbabwe,Zimbabwe,Zimb.,Republic of Zimbabwe,Sub-Saharan Africa,83.5827178955078,2011,80.0656585693359,2011,87.7648086547852,2011,(2011)
493,Tuvalu,Sovereign country,Tuvalu,Tuvalu,Tuv.,Tuvalu,East Asia & Pacific,,,,,,,
